male,female,matable_male,matable_female,conceiving_probability,mating_age_start,mating_age_end,max_age,mutation_probability,offsprings_factor,age_on_death,fitness_on_death,age_fitness_on_death_ratio,height_on_speed,height_on_stamina,height_on_vitality,weight_on_speed,weight_on_stamina,weight_on_vitality,vitality_on_appetite,vitality_on_speed,stamina_on_appetite,stamina_on_speed,theoretical_maximum_base_appetite,theoretical_maximum_base_height,theoretical_maximum_base_speed,theoretical_maximum_base_stamina,theoretical_maximum_base_vitality,theoretical_maximum_base_weight,theoretical_maximum_height,theoretical_maximum_speed,theoretical_maximum_weight,theoretical_maximum_height_multiplier,theoretical_maximum_speed_multiplier,theoretical_maximum_stamina_multiplier,theoretical_maximum_vitality_multiplier,theoretical_maximum_weight_multiplier,sleep_restore_factor,average_generation,average_immunity,average_age,average_height,average_weight,average_max_appetite_at_age,average_max_speed_at_age,average_max_stamina_at_age,average_max_vitality_at_age,average_static_fitness,average_death_factor,average_vision_radius
327.000000,360.000000,198.000000,232.000000,0.950000,10.000000,25.000000,30.000000,0.010000,10.000000,3.000000,70.000000,16.781982,-0.050000,-0.050000,0.100000,-0.000000,-0.250000,0.250000,-0.300000,0.000000,-0.300000,0.500000,10000.000000,0.500000,15.000000,10000.000000,10000.000000,20.000000,5.000000,150.000000,400.000000,1.000000,1.000000,1.000000,1.000000,1.000000,30.000000,0.001456,0.000552,0.016012,0.003750,0.064534,5.184188,0.033438,19.733709,50.699869,0.086455,0.000186,0.436681
409.000000,434.000000,176.000000,204.000000,0.949527,9.000000,24.000000,31.000000,0.010008,9.988206,3.030968,71.148048,9.010385,-0.049275,-0.049232,0.099622,-0.000000,-0.250098,0.246450,-0.295907,0.000000,-0.299195,0.496412,10095.573944,0.498454,14.967647,10001.464048,9960.090065,19.849623,5.075298,150.902528,404.457149,0.990032,0.981461,0.983009,0.997286,0.994987,30.051178,0.002372,0.000093,0.002372,0.001360,0.014586,11.135613,0.052416,9.396923,19.825873,0.008783,0.000000,0.350933
510.000000,541.000000,143.000000,166.000000,0.949527,9.000000,24.000000,31.000000,0.010008,9.988206,3.030968,71.148048,17.491917,-0.049275,-0.049232,0.099622,-0.000000,-0.250098,0.246450,-0.295907,0.000000,-0.299195,0.496412,10095.573944,0.498454,14.967647,10001.464048,9960.090065,19.849623,5.075298,150.902528,404.457149,0.990032,0.981461,0.983009,0.997286,0.994987,30.051178,0.001903,0.000074,0.002854,0.001321,0.012767,9.318986,0.047541,7.509094,16.004856,0.007113,0.000053,0.281481
539.000000,546.000000,109.000000,114.000000,0.949527,9.000000,24.000000,31.000000,0.010008,9.988206,3.030968,71.148048,33.851715,-0.049275,-0.049232,0.099622,-0.000000,-0.250098,0.246450,-0.295907,0.000000,-0.299195,0.496412,10095.573944,0.498454,14.967647,10001.464048,9960.090065,19.849623,5.075298,150.902528,404.457149,0.990032,0.981461,0.983009,0.997286,0.994987,30.051178,0.001843,0.000072,0.003687,0.001450,0.013141,9.388596,0.051477,7.253269,15.579086,0.006978,0.000058,0.272660
548.000000,563.000000,91.000000,101.000000,0.949527,9.000000,24.000000,31.000000,0.010008,9.988206,3.030968,71.148048,65.287429,-0.049275,-0.049232,0.099622,-0.000000,-0.250098,0.246450,-0.295907,0.000000,-0.299195,0.496412,10095.573944,0.498454,14.967647,10001.464048,9960.090065,19.849623,5.075298,150.902528,404.457149,0.990032,0.981461,0.983009,0.997286,0.994987,30.051178,0.001800,0.000070,0.004500,0.001549,0.013425,9.497602,0.055527,7.067708,15.273518,0.006908,0.000063,0.266279
545.000000,526.000000,80.000000,84.000000,0.949527,9.000000,24.000000,31.000000,0.010008,9.988206,3.030968,71.148048,125.436687,-0.049275,-0.049232,0.099622,-0.000000,-0.250098,0.246450,-0.295907,0.000000,-0.299195,0.496412,10095.573944,0.498454,14.967647,10001.464048,9960.090065,19.849623,5.075298,150.902528,404.457149,0.990032,0.981461,0.983009,0.997286,0.994987,30.051178,0.001867,0.000073,0.005602,0.001720,0.014418,10.156207,0.062847,7.318346,15.894162,0.007263,0.000073,0.276225
503.000000,481.000000,60.000000,62.000000,0.949527,9.000000,24.000000,31.000000,0.010008,9.988206,3.030968,71.148048,239.987435,-0.049275,-0.049232,0.099622,-0.000000,-0.250098,0.246450,-0.295907,0.000000,-0.299195,0.496412,10095.573944,0.498454,14.967647,10001.464048,9960.090065,19.849623,5.075298,150.902528,404.457149,0.990032,0.981461,0.983009,0.997286,0.994987,30.051178,0.002033,0.000079,0.007114,0.001975,0.016128,11.332478,0.073710,7.953399,17.345022,0.008006,0.000088,0.300647
467.000000,458.000000,102.000000,106.000000,0.949527,9.000000,24.000000,31.000000,0.010008,9.988206,3.030968,71.148048,457.008511,-0.049275,-0.049232,0.099622,-0.000000,-0.250098,0.246450,-0.295907,0.000000,-0.299195,0.496412,10095.573944,0.498454,14.967647,10001.464048,9960.090065,19.849623,5.075298,150.902528,404.457149,0.990032,0.981461,0.983009,0.997286,0.994987,30.051178,0.002162,0.000084,0.008649,0.002193,0.017535,12.284328,0.083439,8.450026,18.492220,0.008611,0.000103,0.319823
462.000000,448.000000,133.000000,124.000000,0.949527,9.000000,24.000000,31.000000,0.010008,9.988206,3.030968,71.148048,865.790017,-0.049275,-0.049232,0.099622,-0.000000,-0.250098,0.246450,-0.295907,0.000000,-0.299195,0.496412,10095.573944,0.498454,14.967647,10001.464048,9960.090065,19.849623,5.075298,150.902528,404.457149,0.990032,0.981461,0.983009,0.997286,0.994987,30.051178,0.002198,0.000540,0.009890,0.002696,0.027220,18.909648,0.052815,0.092349,15.229522,0.031497,0.000116,0.325095
499.000000,474.000000,173.000000,160.000000,0.949527,9.000000,24.000000,31.000000,0.010008,9.988206,3.030968,71.148048,1630.830992,-0.049275,-0.049232,0.099622,-0.000000,-0.250098,0.246450,-0.295907,0.000000,-0.299195,0.496412,10095.573944,0.498454,14.967647,10001.464048,9960.090065,19.849623,5.075298,150.902528,404.457149,0.990032,0.981461,0.983009,0.997286,0.994987,30.051178,0.002055,0.000505,0.010277,0.002591,0.025687,17.785982,0.052332,0.086715,14.280504,0.029865,0.000120,0.304046
524.000000,483.000000,186.000000,173.000000,0.949527,9.000000,24.000000,31.000000,0.010008,9.988206,3.030968,71.148048,3052.395512,-0.049275,-0.049232,0.099622,-0.000000,-0.250098,0.246450,-0.295907,0.000000,-0.299195,0.496412,10095.573944,0.498454,14.967647,10001.464048,9960.090065,19.849623,5.075298,150.902528,404.457149,0.990032,0.981461,0.983009,0.997286,0.994987,30.051178,0.001986,0.000488,0.010924,0.002535,0.024996,17.165913,0.052530,0.084112,13.816379,0.029097,0.000127,0.293780
542.000000,502.000000,172.000000,174.000000,0.922633,9.000000,24.000000,37.000000,0.009992,9.990217,3.020751,71.094909,33.864179,-0.049476,-0.047951,0.100523,-0.000000,-0.244265,0.250403,-0.301146,0.000000,-0.291343,0.497997,10169.008333,0.499539,14.660959,9810.566981,9814.228581,19.889492,5.012858,152.946119,403.820918,0.974087,0.956965,0.982646,1.004980,0.988899,30.207749,0.002874,0.000773,0.003831,0.000764,0.032052,1.056915,0.026370,18.768568,16.380613,0.097292,0.000058,0.296243
555.000000,537.000000,178.000000,175.000000,0.922633,9.000000,24.000000,37.000000,0.009992,9.990217,3.020751,71.094909,65.439222,-0.049476,-0.047951,0.100523,-0.000000,-0.244265,0.250403,-0.301146,0.000000,-0.291343,0.497997,10169.008333,0.499539,14.660959,9810.566981,9814.228581,19.889492,5.012858,152.946119,403.820918,0.974087,0.956965,0.982646,1.004980,0.988899,30.207749,0.002747,0.000739,0.004579,0.000731,0.033209,1.047229,0.028884,17.853795,15.724581,0.093242,0.000061,0.283221
585.000000,566.000000,163.000000,147.000000,0.922633,9.000000,24.000000,37.000000,0.009992,9.990217,3.020751,71.094909,126.078614,-0.049476,-0.047951,0.100523,-0.000000,-0.244265,0.250403,-0.301146,0.000000,-0.291343,0.497997,10169.008333,0.499539,14.660959,9810.566981,9814.228581,19.889492,5.012858,152.946119,403.820918,0.974087,0.956965,0.982646,1.004980,0.988899,30.207749,0.002606,0.000701,0.005213,0.000693,0.033451,1.026526,0.031032,16.870765,14.967107,0.088834,0.000063,0.268703
807.000000,802.000000,161.000000,154.000000,0.922633,9.000000,24.000000,37.000000,0.009992,9.990217,3.020751,71.094909,242.122958,-0.049476,-0.047951,0.100523,-0.000000,-0.244265,0.250403,-0.301146,0.000000,-0.291343,0.497997,10169.008333,0.499539,14.660959,9810.566981,9814.228581,19.889492,5.012858,152.946119,403.820918,0.974087,0.956965,0.982646,1.004980,0.988899,30.207749,0.001865,0.000501,0.004351,0.000496,0.025044,0.755911,0.024832,12.029723,10.734634,0.063881,0.000049,0.192217
760.000000,747.000000,116.000000,112.000000,0.945098,9.000000,24.000000,29.000000,0.010000,9.990441,3.053840,70.761193,33324.700156,-0.049301,-0.049592,0.100368,-0.000000,-0.248323,0.247879,-0.298153,0.000000,-0.296369,0.501277,10022.859215,0.497400,14.822751,9967.840158,9989.494242,20.020115,5.034028,151.510214,405.682738,0.981521,0.973314,0.983374,0.990572,0.997580,30.012672,0.001327,0.000128,0.009954,0.000202,0.008031,11.905490,0.015990,10.082179,8.531899,0.011910,0.000137,0.203907
723.000000,720.000000,132.000000,131.000000,0.924911,9.000000,24.000000,35.000000,0.009982,9.995532,3.028316,71.030356,1665.897753,-0.049458,-0.048365,0.099809,-0.000000,-0.244334,0.251609,-0.302235,0.000000,-0.292336,0.500980,10235.335912,0.501877,14.728791,9909.365547,9770.546060,19.942487,4.998804,154.408510,404.556336,0.975205,0.958661,0.978069,1.001818,0.985731,29.998438,0.002079,0.000349,0.006930,0.001511,0.020807,11.666625,0.039739,7.919946,12.501408,0.038131,0.000073,0.204730
729.000000,708.000000,175.000000,158.000000,0.924911,9.000000,24.000000,35.000000,0.009982,9.995532,3.028316,71.030356,3140.266987,-0.049458,-0.048365,0.099809,-0.000000,-0.244334,0.251609,-0.302235,0.000000,-0.292336,0.500980,10235.335912,0.501877,14.728791,9909.365547,9770.546060,19.942487,4.998804,154.408510,404.556336,0.975205,0.958661,0.978069,1.001818,0.985731,29.998438,0.002088,0.000351,0.007655,0.001560,0.021267,11.795507,0.041946,7.944484,12.575806,0.038516,0.000080,0.205585
717.000000,684.000000,129.000000,115.000000,0.924911,9.000000,24.000000,35.000000,0.009982,9.995532,3.028316,71.030356,5886.867641,-0.049458,-0.048365,0.099809,-0.000000,-0.244334,0.251609,-0.302235,0.000000,-0.292336,0.500980,10235.335912,0.501877,14.728791,9909.365547,9770.546060,19.942487,4.998804,154.408510,404.556336,0.975205,0.958661,0.978069,1.001818,0.985731,29.998438,0.002141,0.000360,0.008565,0.001638,0.022082,12.110442,0.044586,8.141504,12.918045,0.039660,0.000089,0.210868
685.000000,674.000000,165.000000,139.000000,0.924911,9.000000,24.000000,35.000000,0.009982,9.995532,3.028316,71.030356,10969.056465,-0.049458,-0.048365,0.099809,-0.000000,-0.244334,0.251609,-0.302235,0.000000,-0.292336,0.500980,10235.335912,0.501877,14.728791,9909.365547,9770.546060,19.942487,4.998804,154.408510,404.556336,0.975205,0.958661,0.978069,1.001818,0.985731,29.998438,0.002208,0.000371,0.009566,0.001723,0.022931,12.423929,0.046953,8.387290,13.333547,0.040953,0.000101,0.217385
679.000000,662.000000,183.000000,152.000000,0.924911,9.000000,24.000000,35.000000,0.009982,9.995532,3.028316,71.030356,20303.239389,-0.049458,-0.048365,0.099809,-0.000000,-0.244334,0.251609,-0.302235,0.000000,-0.292336,0.500980,10235.335912,0.501877,14.728791,9909.365547,9770.546060,19.942487,4.998804,154.408510,404.556336,0.975205,0.958661,0.978069,1.001818,0.985731,29.998438,0.002237,0.000376,0.010440,0.001776,0.023304,12.457269,0.047908,8.495371,13.525850,0.041471,0.000111,0.220302
775.000000,758.000000,336.000000,300.000000,0.904367,9.000000,24.000000,46.000000,0.009978,9.987965,2.995472,71.929373,468.232423,-0.050090,-0.048794,0.099842,-0.000000,-0.248543,0.247453,-0.294583,0.000000,-0.287868,0.502324,9891.219446,0.506675,14.684274,9785.063964,9752.166848,19.798588,4.970940,154.258494,409.934770,0.987420,0.951718,0.950759,0.984303,0.957653,29.929016,0.001957,0.000559,0.005219,0.000928,0.054393,0.204033,0.021303,5.002903,8.083140,0.040707,0.000051,0.183837
876.000000,849.000000,327.000000,293.000000,0.904367,9.000000,24.000000,46.000000,0.009978,9.987965,2.995472,71.929373,897.038114,-0.050090,-0.048794,0.099842,-0.000000,-0.248543,0.247453,-0.294583,0.000000,-0.287868,0.502324,9891.219446,0.506675,14.684274,9785.063964,9752.166848,19.798588,4.970940,154.258494,409.934770,0.987420,0.951718,0.950759,0.984303,0.957653,29.929016,0.001739,0.000496,0.005217,0.000825,0.048833,0.186050,0.020698,4.442548,7.188082,0.036517,0.000049,0.163375
984.000000,954.000000,300.000000,292.000000,0.866114,9.000000,24.000000,58.000000,0.009984,9.957220,2.996675,71.909356,9.026522,-0.048421,-0.048292,0.099163,-0.000000,-0.253852,0.246628,-0.295884,0.000000,-0.286240,0.506099,9525.519184,0.504901,14.518916,9721.583735,9754.009672,19.790171,5.057267,150.976798,416.760493,0.985711,0.938200,0.968063,1.021687,0.958181,30.434875,0.002064,0.000336,0.001032,0.000566,0.017168,5.088385,0.018704,0.111326,26.125641,0.059630,0.000000,0.123497
1043.000000,997.000000,290.000000,270.000000,0.866114,9.000000,24.000000,58.000000,0.009984,9.957220,2.996675,71.909356,17.553058,-0.048421,-0.048292,0.099163,-0.000000,-0.253852,0.246628,-0.295884,0.000000,-0.286240,0.506099,9525.519184,0.504901,14.518916,9721.583735,9754.009672,19.790171,5.057267,150.976798,416.760493,0.985711,0.938200,0.968063,1.021687,0.958181,30.434875,0.001961,0.000319,0.001471,0.000623,0.019674,4.984709,0.019281,0.101791,25.599080,0.057877,0.000026,0.117322
1079.000000,1021.000000,278.000000,256.000000,0.866114,9.000000,24.000000,58.000000,0.009984,9.957220,2.996675,71.909356,34.082282,-0.048421,-0.048292,0.099163,-0.000000,-0.253852,0.246628,-0.295884,0.000000,-0.286240,0.506099,9525.519184,0.504901,14.518916,9721.583735,9754.009672,19.790171,5.057267,150.976798,416.760493,0.985711,0.938200,0.968063,1.021687,0.958181,30.434875,0.001905,0.000310,0.001905,0.000669,0.021622,4.994814,0.020281,0.095982,25.450110,0.057245,0.000027,0.113970
1047.000000,994.000000,219.000000,206.000000,0.866114,9.000000,24.000000,58.000000,0.009984,9.957220,2.996675,71.909356,66.071207,-0.048421,-0.048292,0.099163,-0.000000,-0.253852,0.246628,-0.295884,0.000000,-0.286240,0.506099,9525.519184,0.504901,14.518916,9721.583735,9754.009672,19.790171,5.057267,150.976798,416.760493,0.985711,0.938200,0.968063,1.021687,0.958181,30.434875,0.001960,0.000319,0.002450,0.000742,0.024326,5.300998,0.022535,0.096397,26.669313,0.059827,0.000030,0.117264
1005.000000,966.000000,216.000000,191.000000,0.866114,9.000000,24.000000,58.000000,0.009984,9.957220,2.996675,71.909356,127.869090,-0.048421,-0.048292,0.099163,-0.000000,-0.253852,0.246628,-0.295884,0.000000,-0.286240,0.506099,9525.519184,0.504901,14.518916,9721.583735,9754.009672,19.790171,5.057267,150.976798,416.760493,0.985711,0.938200,0.968063,1.021687,0.958181,30.434875,0.002029,0.000330,0.003044,0.000814,0.026976,5.660140,0.025125,0.097831,28.032682,0.062816,0.000033,0.121429
930.000000,960.000000,245.000000,218.000000,0.866114,9.000000,24.000000,58.000000,0.009984,9.957220,2.996675,71.909356,247.029393,-0.048421,-0.048292,0.099163,-0.000000,-0.253852,0.246628,-0.295884,0.000000,-0.286240,0.506099,9525.519184,0.504901,14.518916,9721.583735,9754.009672,19.790171,5.057267,150.976798,416.760493,0.985711,0.938200,0.968063,1.021687,0.958181,30.434875,0.002116,0.000344,0.003704,0.000890,0.029502,6.082389,0.028119,0.100548,29.563464,0.066253,0.000036,0.126633
967.000000,1000.000000,303.000000,282.000000,0.866114,9.000000,24.000000,58.000000,0.009984,9.957220,2.996675,71.909356,476.342227,-0.048421,-0.048292,0.099163,-0.000000,-0.253852,0.246628,-0.295884,0.000000,-0.286240,0.506099,9525.519184,0.504901,14.518916,9721.583735,9754.009672,19.790171,5.057267,150.976798,416.760493,0.985711,0.938200,0.968063,1.021687,0.958181,30.434875,0.002034,0.000331,0.004067,0.000889,0.028347,6.016218,0.028893,0.096795,28.466313,0.063898,0.000036,0.121676
991.000000,1053.000000,396.000000,380.000000,0.866114,9.000000,24.000000,58.000000,0.009984,9.957220,2.996675,71.909356,916.710480,-0.048421,-0.048292,0.099163,-0.000000,-0.253852,0.246628,-0.295884,0.000000,-0.286240,0.506099,9525.519184,0.504901,14.518916,9721.583735,9754.009672,19.790171,5.057267,150.976798,416.760493,0.985711,0.938200,0.968063,1.021687,0.958181,30.434875,0.001957,0.000318,0.004403,0.000885,0.027279,5.952159,0.029624,0.093330,27.444948,0.061736,0.000037,0.117092
1066.000000,1134.000000,365.000000,354.000000,0.866114,9.000000,24.000000,58.000000,0.009984,9.957220,2.996675,71.909356,1760.518841,-0.048421,-0.048292,0.099163,-0.000000,-0.253852,0.246628,-0.295884,0.000000,-0.286240,0.506099,9525.519184,0.504901,14.518916,9721.583735,9754.009672,19.790171,5.057267,150.976798,416.760493,0.985711,0.938200,0.968063,1.021687,0.958181,30.434875,0.001818,0.000296,0.004545,0.000846,0.025345,5.676343,0.029211,0.086882,25.540960,0.057596,0.000036,0.108789
1070.000000,1182.000000,325.000000,318.000000,0.866114,9.000000,24.000000,58.000000,0.009984,9.957220,2.996675,71.909356,3373.607214,-0.048421,-0.048292,0.099163,-0.000000,-0.253852,0.246628,-0.295884,0.000000,-0.286240,0.506099,9525.519184,0.504901,14.518916,9721.583735,9754.009672,19.790171,5.057267,150.976798,416.760493,0.985711,0.938200,0.968063,1.021687,0.958181,30.434875,0.001776,0.000289,0.004885,0.000847,0.024759,5.681316,0.030167,0.085041,24.987996,0.056501,0.000037,0.106277
1106.000000,1197.000000,283.000000,268.000000,0.866114,9.000000,24.000000,58.000000,0.009984,9.957220,2.996675,71.909356,6449.719410,-0.048421,-0.048292,0.099163,-0.000000,-0.253852,0.246628,-0.295884,0.000000,-0.286240,0.506099,9525.519184,0.504901,14.518916,9721.583735,9754.009672,19.790171,5.057267,150.976798,416.760493,0.985711,0.938200,0.968063,1.021687,0.958181,30.434875,0.001737,0.000282,0.005211,0.000847,0.024211,5.679774,0.031057,0.083317,24.466963,0.055478,0.000038,0.103924
1118.000000,1181.000000,277.000000,284.000000,0.866114,9.000000,24.000000,58.000000,0.009984,9.957220,2.996675,71.909356,12300.524614,-0.048421,-0.048292,0.099163,-0.000000,-0.253852,0.246628,-0.295884,0.000000,-0.286240,0.506099,9525.519184,0.504901,14.518916,9721.583735,9754.009672,19.790171,5.057267,150.976798,416.760493,0.985711,0.938200,0.968063,1.021687,0.958181,30.434875,0.001740,0.000283,0.005655,0.000864,0.024253,5.803339,0.032618,0.083618,24.538726,0.055796,0.000040,0.104105
1156.000000,1238.000000,245.000000,261.000000,0.866114,9.000000,24.000000,58.000000,0.009984,9.957220,2.996675,71.909356,23398.269662,-0.048421,-0.048292,0.099163,-0.000000,-0.253852,0.246628,-0.295884,0.000000,-0.286240,0.506099,9525.519184,0.504901,14.518916,9721.583735,9754.009672,19.790171,5.057267,150.976798,416.760493,0.985711,0.938200,0.968063,1.021687,0.958181,30.434875,0.001671,0.000272,0.005848,0.000844,0.023291,5.670004,0.032702,0.080443,23.590291,0.053783,0.000041,0.099974
1116.000000,1153.000000,242.000000,234.000000,0.866114,9.000000,24.000000,58.000000,0.009984,9.957220,2.996675,71.909356,44387.273268,-0.048421,-0.048292,0.099163,-0.000000,-0.253852,0.246628,-0.295884,0.000000,-0.286240,0.506099,9525.519184,0.504901,14.518916,9721.583735,9754.009672,19.790171,5.057267,150.976798,416.760493,0.985711,0.938200,0.968063,1.021687,0.958181,30.434875,0.001763,0.000287,0.006611,0.000904,0.024574,6.069997,0.035866,0.085020,24.914051,0.056944,0.000045,0.105481
1063.000000,1128.000000,252.000000,266.000000,0.850061,9.000000,24.000000,54.000000,0.009959,9.985048,2.992942,72.183738,66.143955,-0.047704,-0.046933,0.097007,-0.000000,-0.252350,0.248016,-0.295022,0.000000,-0.295158,0.512900,9638.397617,0.492709,14.801851,9932.706784,9451.691359,19.351251,4.892980,152.848538,406.742053,0.989030,0.949915,0.980482,1.076891,0.962437,30.382776,0.002282,0.000110,0.002282,0.000379,0.004105,2.180073,0.012437,1.182883,3.091346,0.004219,0.000028,0.107427
1032.000000,1093.000000,280.000000,309.000000,0.850061,9.000000,24.000000,54.000000,0.009959,9.985048,2.992942,72.183738,127.912431,-0.047704,-0.046933,0.097007,-0.000000,-0.252350,0.248016,-0.295022,0.000000,-0.295158,0.512900,9638.397617,0.492709,14.801851,9932.706784,9451.691359,19.351251,4.892980,152.848538,406.742053,0.989030,0.949915,0.980482,1.076891,0.962437,30.382776,0.002353,0.000114,0.002824,0.000391,0.004420,2.319832,0.014099,1.219449,3.188514,0.004423,0.000031,0.110764
1095.000000,1156.000000,259.000000,295.000000,0.850061,9.000000,24.000000,54.000000,0.009959,9.985048,2.992942,72.183738,246.881126,-0.047704,-0.046933,0.097007,-0.000000,-0.252350,0.248016,-0.295022,0.000000,-0.295158,0.512900,9638.397617,0.492709,14.801851,9932.706784,9451.691359,19.351251,4.892980,152.848538,406.742053,0.989030,0.949915,0.980482,1.076891,0.962437,30.382776,0.002221,0.000107,0.003110,0.000369,0.004320,2.257896,0.014590,1.151081,3.010973,0.004253,0.000031,0.104564
1054.000000,1114.000000,280.000000,289.000000,0.850061,9.000000,24.000000,54.000000,0.009959,9.985048,2.992942,72.183738,475.516374,-0.047704,-0.046933,0.097007,-0.000000,-0.252350,0.248016,-0.295022,0.000000,-0.295158,0.512900,9638.397617,0.492709,14.801851,9932.706784,9451.691359,19.351251,4.892980,152.848538,406.742053,0.989030,0.949915,0.980482,1.076891,0.962437,30.382776,0.002306,0.000111,0.003690,0.000383,0.004617,2.413745,0.016545,1.195077,3.127092,0.004503,0.000034,0.108567
1023.000000,1067.000000,255.000000,264.000000,0.850061,9.000000,24.000000,54.000000,0.009959,9.985048,2.992942,72.183738,913.886661,-0.047704,-0.046933,0.097007,-0.000000,-0.252350,0.248016,-0.295022,0.000000,-0.295158,0.512900,9638.397617,0.492709,14.801851,9932.706784,9451.691359,19.351251,4.892980,152.848538,406.742053,0.989030,0.949915,0.980482,1.076891,0.962437,30.382776,0.002392,0.000115,0.004306,0.000398,0.004906,2.573570,0.018665,1.239635,3.244569,0.004767,0.000037,0.112618
975.000000,1029.000000,288.000000,314.000000,0.850061,9.000000,24.000000,54.000000,0.009959,9.985048,2.992942,72.183738,1752.314392,-0.047704,-0.046933,0.097007,-0.000000,-0.252350,0.248016,-0.295022,0.000000,-0.295158,0.512900,9638.397617,0.492709,14.801851,9932.706784,9451.691359,19.351251,4.892980,152.848538,406.742053,0.989030,0.949915,0.980482,1.076891,0.962437,30.382776,0.002495,0.000120,0.004990,0.000415,0.005223,2.753217,0.021068,1.292813,3.384519,0.005076,0.000041,0.117451
1000.000000,991.000000,283.000000,281.000000,0.850061,9.000000,24.000000,54.000000,0.009959,9.985048,2.992942,72.183738,3351.695846,-0.047704,-0.046933,0.097007,-0.000000,-0.252350,0.248016,-0.295022,0.000000,-0.295158,0.512900,9638.397617,0.492709,14.801851,9932.706784,9451.691359,19.351251,4.892980,152.848538,406.742053,0.989030,0.949915,0.980482,1.076891,0.962437,30.382776,0.002511,0.000121,0.005525,0.000418,0.005351,2.836105,0.022831,1.301253,3.407254,0.005216,0.000044,0.118218
1001.000000,1010.000000,265.000000,273.000000,0.850061,9.000000,24.000000,54.000000,0.009959,9.985048,2.992942,72.183738,6394.202494,-0.047704,-0.046933,0.097007,-0.000000,-0.252350,0.248016,-0.295022,0.000000,-0.295158,0.512900,9638.397617,0.492709,14.801851,9932.706784,9451.691359,19.351251,4.892980,152.848538,406.742053,0.989030,0.949915,0.980482,1.076891,0.962437,30.382776,0.002486,0.000120,0.005967,0.000413,0.005378,2.866322,0.024199,1.288325,3.373928,0.005269,0.000046,0.117042
978.000000,961.000000,261.000000,257.000000,0.850061,9.000000,24.000000,54.000000,0.009959,9.985048,2.992942,72.183738,12164.933210,-0.047704,-0.046933,0.097007,-0.000000,-0.252350,0.248016,-0.295022,0.000000,-0.295158,0.512900,9638.397617,0.492709,14.801851,9932.706784,9451.691359,19.351251,4.892980,152.848538,406.742053,0.989030,0.949915,0.980482,1.076891,0.962437,30.382776,0.002579,0.000124,0.006704,0.000429,0.005651,3.026171,0.026708,1.336188,3.499729,0.005571,0.000050,0.121389
958.000000,944.000000,304.000000,309.000000,0.850061,9.000000,24.000000,54.000000,0.009959,9.985048,2.992942,72.183738,23076.116704,-0.047704,-0.046933,0.097007,-0.000000,-0.252350,0.248016,-0.295022,0.000000,-0.295158,0.512900,9638.397617,0.492709,14.801851,9932.706784,9451.691359,19.351251,4.892980,152.848538,406.742053,0.989030,0.949915,0.980482,1.076891,0.962437,30.382776,0.002629,0.000127,0.007361,0.000437,0.005826,3.131140,0.028794,1.362215,3.568280,0.005782,0.000054,0.123750
966.000000,969.000000,301.000000,313.000000,0.850061,9.000000,24.000000,54.000000,0.009959,9.985048,2.992942,72.183738,43638.411248,-0.047704,-0.046933,0.097007,-0.000000,-0.252350,0.248016,-0.295022,0.000000,-0.295158,0.512900,9638.397617,0.492709,14.801851,9932.706784,9451.691359,19.351251,4.892980,152.848538,406.742053,0.989030,0.949915,0.980482,1.076891,0.962437,30.382776,0.002584,0.000125,0.007752,0.000430,0.005783,3.113961,0.029738,1.339022,3.507835,0.005778,0.000056,0.121640
1829.000000,1800.000000,297.000000,297.000000,0.853418,9.000000,25.000000,81.000000,0.009953,9.983388,2.928293,72.490465,476.737435,-0.047343,-0.047676,0.098190,-0.000000,-0.253429,0.246589,-0.300523,0.000000,-0.290319,0.527074,9499.324228,0.484261,14.689614,9777.220472,9367.301136,19.468747,4.836094,150.031958,421.451759,0.998862,0.925712,0.990718,1.091406,0.981101,30.684543,0.001653,0.000077,0.002204,0.000439,0.024673,1.120428,0.007098,3.093393,17.369100,0.018536,0.000019,0.066134
1694.000000,1615.000000,223.000000,215.000000,0.853418,9.000000,25.000000,81.000000,0.009953,9.983388,2.928293,72.490465,919.422922,-0.047343,-0.047676,0.098190,-0.000000,-0.253429,0.246589,-0.300523,0.000000,-0.290319,0.527074,9499.324228,0.484261,14.689614,9777.220472,9367.301136,19.468747,4.836094,150.031958,421.451759,0.998862,0.925712,0.990718,1.091406,0.981101,30.684543,0.001813,0.000085,0.002720,0.000499,0.028183,1.260118,0.008376,3.369866,19.163149,0.020385,0.000022,0.072529
1868.000000,1810.000000,282.000000,268.000000,0.853418,9.000000,25.000000,81.000000,0.009953,9.983388,2.928293,72.490465,1770.756596,-0.047343,-0.047676,0.098190,-0.000000,-0.253429,0.246589,-0.300523,0.000000,-0.290319,0.527074,9499.324228,0.484261,14.689614,9777.220472,9367.301136,19.468747,4.836094,150.031958,421.451759,0.998862,0.925712,0.990718,1.091406,0.981101,30.684543,0.001631,0.000076,0.002719,0.000463,0.026245,1.162414,0.008096,3.013780,17.331805,0.018392,0.000020,0.065253
1712.000000,1665.000000,266.000000,265.000000,0.853418,9.000000,25.000000,81.000000,0.009953,9.983388,2.928293,72.490465,3405.549611,-0.047343,-0.047676,0.098190,-0.000000,-0.253429,0.246589,-0.300523,0.000000,-0.290319,0.527074,9499.324228,0.484261,14.689614,9777.220472,9367.301136,19.468747,4.836094,150.031958,421.451759,0.998862,0.925712,0.990718,1.091406,0.981101,30.684543,0.001777,0.000083,0.003257,0.000519,0.029441,1.297650,0.009458,3.265027,18.965204,0.020089,0.000023,0.071069
1593.000000,1522.000000,202.000000,187.000000,0.853418,9.000000,25.000000,81.000000,0.009953,9.983388,2.928293,72.490465,6539.985532,-0.047343,-0.047676,0.098190,-0.000000,-0.253429,0.246589,-0.300523,0.000000,-0.290319,0.527074,9499.324228,0.484261,14.689614,9777.220472,9367.301136,19.468747,4.836094,150.031958,421.451759,0.998862,0.925712,0.990718,1.091406,0.981101,30.684543,0.001926,0.000090,0.003852,0.000577,0.032738,1.441196,0.010975,3.522899,20.646258,0.021842,0.000026,0.077046
1731.000000,1670.000000,215.000000,198.000000,0.853418,9.000000,25.000000,81.000000,0.009953,9.983388,2.928293,72.490465,12540.160308,-0.047343,-0.047676,0.098190,-0.000000,-0.253429,0.246589,-0.300523,0.000000,-0.290319,0.527074,9499.324228,0.484261,14.689614,9777.220472,9367.301136,19.468747,4.836094,150.031958,421.451759,0.998862,0.925712,0.990718,1.091406,0.981101,30.684543,0.001764,0.000082,0.003822,0.000540,0.030651,1.351354,0.010735,3.213004,18.980576,0.020063,0.000024,0.070567
1591.000000,1511.000000,103.000000,95.000000,0.853418,9.000000,25.000000,81.000000,0.009953,9.983388,2.928293,72.490465,24007.151055,-0.047343,-0.047676,0.098190,-0.000000,-0.253429,0.246589,-0.300523,0.000000,-0.290319,0.527074,9499.324228,0.484261,14.689614,9777.220472,9367.301136,19.468747,4.836094,150.031958,421.451759,0.998862,0.925712,0.990718,1.091406,0.981101,30.684543,0.001934,0.000090,0.004513,0.000604,0.034248,1.515511,0.012540,3.509408,20.879431,0.022060,0.000028,0.077369
1528.000000,1497.000000,522.000000,477.000000,0.832113,9.000000,24.000000,98.000000,0.009944,9.977958,3.015753,72.892999,940.411390,-0.047422,-0.048884,0.100036,-0.000000,-0.248011,0.247873,-0.301005,0.000000,-0.289652,0.542557,9453.219854,0.486319,14.624682,9919.106649,9258.706921,19.498040,4.891299,149.711687,427.235251,1.014344,0.920018,1.012109,1.077598,0.996138,30.238593,0.002314,0.000309,0.002975,0.000535,0.019309,0.950680,0.010544,1.195035,0.912812,0.009207,0.000021,0.073428
1495.000000,1493.000000,383.000000,366.000000,0.832113,9.000000,24.000000,98.000000,0.009944,9.977958,3.015753,72.892999,1820.026960,-0.047422,-0.048884,0.100036,-0.000000,-0.248011,0.247873,-0.301005,0.000000,-0.289652,0.542557,9453.219854,0.486319,14.624682,9919.106649,9258.706921,19.498040,4.891299,149.711687,427.235251,1.014344,0.920018,1.012109,1.077598,0.996138,30.238593,0.002343,0.000313,0.003347,0.000542,0.019549,0.984032,0.011378,1.209947,0.924628,0.009496,0.000022,0.074338
1517.000000,1550.000000,572.000000,554.000000,0.832113,9.000000,24.000000,98.000000,0.009944,9.977958,3.015753,72.892999,3518.715536,-0.047422,-0.048884,0.100036,-0.000000,-0.248011,0.247873,-0.301005,0.000000,-0.289652,0.542557,9453.219854,0.486319,14.624682,9919.106649,9258.706921,19.498040,4.891299,149.711687,427.235251,1.014344,0.920018,1.012109,1.077598,0.996138,30.238593,0.002282,0.000305,0.003587,0.000528,0.019045,0.980336,0.011793,1.178890,0.901299,0.009431,0.000022,0.072423
1567.000000,1548.000000,487.000000,442.000000,0.833585,9.000000,25.000000,86.000000,0.009943,9.979280,3.028834,72.042878,1814.940716,-0.047093,-0.048464,0.099817,-0.000000,-0.252091,0.249282,-0.301154,0.000000,-0.285705,0.544941,9466.400827,0.484070,14.664080,9895.342217,9193.299835,19.577901,4.834301,149.267190,420.949760,1.020256,0.909043,1.012577,1.071956,0.988766,30.490790,0.002247,0.000150,0.003210,0.000465,0.012618,0.354995,0.001890,0.733086,18.680100,0.028443,0.000021,0.070353
1521.000000,1526.000000,388.000000,368.000000,0.833585,9.000000,25.000000,86.000000,0.009943,9.979280,3.028834,72.042878,3505.025093,-0.047093,-0.048464,0.099817,-0.000000,-0.252091,0.249282,-0.301154,0.000000,-0.285705,0.544941,9466.400827,0.484070,14.664080,9895.342217,9193.299835,19.577901,4.834301,149.267190,420.949760,1.020256,0.909043,1.012577,1.071956,0.988766,30.490790,0.002297,0.000154,0.003610,0.000476,0.013174,0.371769,0.002102,0.749534,19.115375,0.029042,0.000023,0.071924
1524.000000,1548.000000,489.000000,484.000000,0.833585,9.000000,25.000000,86.000000,0.009943,9.979280,3.028834,72.042878,6760.283387,-0.047093,-0.048464,0.099817,-0.000000,-0.252091,0.249282,-0.301154,0.000000,-0.285705,0.544941,9466.400827,0.484070,14.664080,9895.342217,9193.299835,19.577901,4.834301,149.267190,420.949760,1.020256,0.909043,1.012577,1.071956,0.988766,30.490790,0.002279,0.000152,0.003906,0.000472,0.013316,0.377619,0.002282,0.743569,18.976488,0.028780,0.000023,0.071338
1558.000000,1557.000000,450.000000,448.000000,0.833585,9.000000,25.000000,86.000000,0.009943,9.979280,3.028834,72.042878,13021.562923,-0.047093,-0.048464,0.099817,-0.000000,-0.252091,0.249282,-0.301154,0.000000,-0.285705,0.544941,9466.400827,0.484070,14.664080,9895.342217,9193.299835,19.577901,4.834301,149.267190,420.949760,1.020256,0.909043,1.012577,1.071956,0.988766,30.490790,0.002247,0.000150,0.004173,0.000465,0.013356,0.381191,0.002474,0.733474,18.729645,0.028366,0.000024,0.070353
1589.000000,1595.000000,392.000000,416.000000,0.812407,8.000000,25.000000,100.000000,0.009941,9.958748,3.047574,73.908102,251.136135,-0.047778,-0.048028,0.099174,-0.000000,-0.253507,0.251157,-0.301514,0.000000,-0.279049,0.542471,9355.276370,0.487246,14.578654,10039.865633,9110.948484,19.804915,4.777807,149.045891,425.463754,1.022380,0.893458,1.014262,1.082701,0.960696,30.872270,0.002513,0.000283,0.002198,0.000683,0.012266,0.838308,0.007312,4.981613,11.656058,0.049160,0.000018,0.072241
1557.000000,1522.000000,547.000000,552.000000,0.812407,8.000000,25.000000,100.000000,0.009941,9.958748,3.047574,73.908102,487.514773,-0.047778,-0.048028,0.099174,-0.000000,-0.253507,0.251157,-0.301514,0.000000,-0.279049,0.542471,9355.276370,0.487246,14.578654,10039.865633,9110.948484,19.804915,4.777807,149.045891,425.463754,1.022380,0.893458,1.014262,1.082701,0.960696,30.872270,0.002598,0.000293,0.002598,0.000742,0.012685,0.885374,0.008137,5.141658,12.083018,0.050842,0.000019,0.074705
1652.000000,1559.000000,560.000000,528.000000,0.812407,8.000000,25.000000,100.000000,0.009941,9.958748,3.047574,73.908102,945.495243,-0.047778,-0.048028,0.099174,-0.000000,-0.253507,0.251157,-0.301514,0.000000,-0.279049,0.542471,9355.276370,0.487246,14.578654,10039.865633,9110.948484,19.804915,4.777807,149.045891,425.463754,1.022380,0.893458,1.014262,1.082701,0.960696,30.872270,0.002491,0.000281,0.002803,0.000742,0.012163,0.867430,0.008378,4.921939,11.611617,0.048783,0.000019,0.071634
1829.000000,1788.000000,643.000000,611.000000,0.812407,8.000000,25.000000,100.000000,0.009941,9.958748,3.047574,73.908102,1831.938604,-0.047778,-0.048028,0.099174,-0.000000,-0.253507,0.251157,-0.301514,0.000000,-0.279049,0.542471,9355.276370,0.487246,14.578654,10039.865633,9110.948484,19.804915,4.777807,149.045891,425.463754,1.022380,0.893458,1.014262,1.082701,0.960696,30.872270,0.002212,0.000249,0.002765,0.000684,0.010798,0.787042,0.007971,4.362825,10.328591,0.043352,0.000017,0.063593
1951.000000,1957.000000,557.000000,532.000000,0.820508,8.000000,25.000000,88.000000,0.009930,9.948437,3.050453,75.801793,9.022126,-0.048316,-0.047438,0.101428,-0.000000,-0.255341,0.247454,-0.302111,0.000000,-0.276610,0.536278,9366.661844,0.479466,14.775796,9699.643121,8895.112312,20.032446,4.864362,150.532867,431.182117,1.030479,0.883838,0.973486,1.086463,0.981818,30.200355,0.002303,0.000232,0.000512,0.000337,0.003125,0.711009,0.005668,0.765656,4.182651,0.016286,0.000000,0.058682
1915.000000,1932.000000,594.000000,564.000000,0.820508,8.000000,25.000000,88.000000,0.009930,9.948437,3.050453,75.801793,17.586508,-0.048316,-0.047438,0.101428,-0.000000,-0.255341,0.247454,-0.302111,0.000000,-0.276610,0.536278,9366.661844,0.479466,14.775796,9699.643121,8895.112312,20.032446,4.864362,150.532867,431.182117,1.030479,0.883838,0.973486,1.086463,0.981818,30.200355,0.002339,0.000235,0.000780,0.000415,0.003174,0.737409,0.006174,0.772682,4.283658,0.016543,0.000012,0.059613
1907.000000,1916.000000,548.000000,544.000000,0.820508,8.000000,25.000000,88.000000,0.009930,9.948437,3.050453,75.801793,34.249279,-0.048316,-0.047438,0.101428,-0.000000,-0.255341,0.247454,-0.302111,0.000000,-0.276610,0.536278,9366.661844,0.479466,14.775796,9699.643121,8895.112312,20.032446,4.864362,150.532867,431.182117,1.030479,0.883838,0.973486,1.086463,0.981818,30.200355,0.002354,0.000237,0.001046,0.000475,0.003194,0.758196,0.006663,0.773575,4.337671,0.016695,0.000013,0.059987
1964.000000,1983.000000,628.000000,614.000000,0.820508,8.000000,25.000000,88.000000,0.009930,9.948437,3.050453,75.801793,66.636150,-0.048316,-0.047438,0.101428,-0.000000,-0.255341,0.247454,-0.302111,0.000000,-0.276610,0.536278,9366.661844,0.479466,14.775796,9699.643121,8895.112312,20.032446,4.864362,150.532867,431.182117,1.030479,0.883838,0.973486,1.086463,0.981818,30.200355,0.002280,0.000229,0.001267,0.000505,0.003094,0.750902,0.006917,0.746169,4.222885,0.016244,0.000014,0.058102
1961.000000,1968.000000,576.000000,531.000000,0.820508,8.000000,25.000000,88.000000,0.009930,9.948437,3.050453,75.801793,129.520951,-0.048316,-0.047438,0.101428,-0.000000,-0.255341,0.247454,-0.302111,0.000000,-0.276610,0.536278,9366.661844,0.479466,14.775796,9699.643121,8895.112312,20.032446,4.864362,150.532867,431.182117,1.030479,0.883838,0.973486,1.086463,0.981818,30.200355,0.002291,0.000230,0.001527,0.000546,0.003108,0.771780,0.007441,0.746976,4.260489,0.016411,0.000014,0.058368
1985.000000,1978.000000,633.000000,610.000000,0.820484,8.000000,25.000000,105.000000,0.009940,9.961801,3.041232,73.961293,25611.596095,-0.047997,-0.047786,0.100025,-0.000000,-0.254439,0.248908,-0.300257,0.000000,-0.281282,0.540189,9411.551670,0.484062,14.460606,9963.837384,9024.115213,20.008705,4.800971,148.463125,427.112883,1.028598,0.900303,1.006092,1.087075,0.967966,30.838662,0.002271,0.000060,0.003533,0.000425,0.029341,3.064701,0.002569,4.078503,17.169582,0.015793,0.000018,0.057345
2165.000000,2099.000000,814.000000,792.000000,0.820508,8.000000,25.000000,88.000000,0.009930,9.948437,3.050453,75.801793,487.811954,-0.048316,-0.047438,0.101428,-0.000000,-0.255341,0.247454,-0.302111,0.000000,-0.276610,0.536278,9366.661844,0.479466,14.775796,9699.643121,8895.112312,20.032446,4.864362,150.532867,431.182117,1.030479,0.883838,0.973486,1.086463,0.981818,30.200355,0.002345,0.000167,0.001876,0.000095,0.022972,3.061219,0.005667,1.983540,2.778969,0.011867,0.000014,0.053783
2219.000000,2204.000000,716.000000,719.000000,0.828405,8.000000,24.000000,83.000000,0.009947,9.958621,2.966800,75.117442,66.264861,-0.047995,-0.046514,0.101701,-0.000000,-0.254086,0.247890,-0.305857,0.000000,-0.275799,0.546310,9582.650811,0.486032,14.870566,9676.206225,8977.899654,20.128420,4.825709,151.262837,434.143595,1.016425,0.887963,0.961985,1.090993,0.962116,30.059872,0.002261,0.000019,0.001130,0.000284,0.009010,2.920585,0.003202,2.171950,3.384260,0.001546,0.000013,0.054775
2347.000000,2306.000000,599.000000,614.000000,0.828405,8.000000,24.000000,83.000000,0.009947,9.958621,2.966800,75.117442,128.451820,-0.047995,-0.046514,0.101701,-0.000000,-0.254086,0.247890,-0.305857,0.000000,-0.275799,0.546310,9582.650811,0.486032,14.870566,9676.206225,8977.899654,20.128420,4.825709,151.262837,434.143595,1.016425,0.887963,0.961985,1.090993,0.962116,30.059872,0.002149,0.000018,0.001289,0.000283,0.008565,2.844018,0.003037,2.058623,3.228062,0.001463,0.000013,0.052068
2312.000000,2297.000000,618.000000,644.000000,0.828405,8.000000,24.000000,83.000000,0.009947,9.958621,2.966800,75.117442,248.711120,-0.047995,-0.046514,0.101701,-0.000000,-0.254086,0.247890,-0.305857,0.000000,-0.275799,0.546310,9582.650811,0.486032,14.870566,9676.206225,8977.899654,20.128420,4.825709,151.262837,434.143595,1.016425,0.887963,0.961985,1.090993,0.962116,30.059872,0.002170,0.000018,0.001519,0.000285,0.008647,2.942429,0.003066,2.078345,3.259232,0.001470,0.000014,0.052565
2281.000000,2274.000000,539.000000,552.000000,0.828405,8.000000,24.000000,83.000000,0.009947,9.958621,2.966800,75.117442,480.982455,-0.047995,-0.046514,0.101701,-0.000000,-0.254086,0.247890,-0.305857,0.000000,-0.275799,0.546310,9582.650811,0.486032,14.870566,9676.206225,8977.899654,20.128420,4.825709,151.262837,434.143595,1.016425,0.887963,0.961985,1.090993,0.962116,30.059872,0.002195,0.000018,0.001756,0.000289,0.008749,3.051917,0.003102,2.103053,3.298219,0.001481,0.000014,0.053188
2171.000000,2193.000000,551.000000,548.000000,0.828405,8.000000,24.000000,83.000000,0.009947,9.958621,2.966800,75.117442,929.015032,-0.047995,-0.046514,0.101701,-0.000000,-0.254086,0.247890,-0.305857,0.000000,-0.275799,0.546310,9582.650811,0.486032,14.870566,9676.206225,8977.899654,20.128420,4.825709,151.262837,434.143595,1.016425,0.887963,0.961985,1.090993,0.962116,30.059872,0.002291,0.000019,0.002062,0.000301,0.009132,3.265541,0.003238,2.195167,3.442925,0.001540,0.000016,0.055516
2162.000000,2215.000000,737.000000,720.000000,0.828405,8.000000,24.000000,83.000000,0.009947,9.958621,2.966800,75.117442,1792.071531,-0.047995,-0.046514,0.101701,-0.000000,-0.254086,0.247890,-0.305857,0.000000,-0.275799,0.546310,9582.650811,0.486032,14.870566,9676.206225,8977.899654,20.128420,4.825709,151.262837,434.143595,1.016425,0.887963,0.961985,1.090993,0.962116,30.059872,0.002285,0.000019,0.002285,0.000300,0.009105,3.337340,0.003229,2.188715,3.433039,0.001531,0.000016,0.055351
2238.000000,2233.000000,731.000000,735.000000,0.828405,8.000000,24.000000,83.000000,0.009947,9.958621,2.966800,75.117442,3452.278752,-0.047995,-0.046514,0.101701,-0.000000,-0.254086,0.247890,-0.305857,0.000000,-0.275799,0.546310,9582.650811,0.486032,14.870566,9676.206225,8977.899654,20.128420,4.825709,151.262837,434.143595,1.016425,0.887963,0.961985,1.090993,0.962116,30.059872,0.002237,0.000019,0.002460,0.000294,0.008914,3.348075,0.003161,2.142763,3.361185,0.001494,0.000016,0.054187
7029.000000,7033.000000,840.000000,825.000000,0.812723,8.000000,24.000000,79.000000,0.009986,9.954819,2.979766,76.112120,9.019059,-0.048029,-0.046236,0.099866,-0.000000,-0.257667,0.247304,-0.305818,0.000000,-0.280160,0.551055,9589.610615,0.483533,14.928683,9854.260678,8754.247201,20.525163,4.829612,150.723197,431.231348,0.983894,0.901642,0.964364,1.086483,0.962914,30.688325,0.000853,0.000033,0.000142,0.000085,0.006109,0.289138,0.001417,0.568219,2.642376,0.005072,0.000000,0.016803
6848.000000,6903.000000,769.000000,781.000000,0.812723,8.000000,24.000000,79.000000,0.009986,9.954819,2.979766,76.112120,17.544005,-0.048029,-0.046236,0.099866,-0.000000,-0.257667,0.247304,-0.305818,0.000000,-0.280160,0.551055,9589.610615,0.483533,14.928683,9854.260678,8754.247201,20.525163,4.829612,150.723197,431.231348,0.983894,0.901642,0.964364,1.086483,0.962914,30.688325,0.000873,0.000034,0.000218,0.000090,0.007677,0.302652,0.001565,0.566171,2.755681,0.005197,0.000004,0.017184
6150.000000,6185.000000,586.000000,612.000000,0.812723,8.000000,24.000000,79.000000,0.009986,9.954819,2.979766,76.112120,34.089906,-0.048029,-0.046236,0.099866,-0.000000,-0.257667,0.247304,-0.305818,0.000000,-0.280160,0.551055,9589.610615,0.483533,14.928683,9854.260678,8754.247201,20.525163,4.829612,150.723197,431.231348,0.983894,0.901642,0.964364,1.086483,0.962914,30.688325,0.000973,0.000038,0.000324,0.000100,0.009778,0.345618,0.001887,0.619376,3.111239,0.005803,0.000004,0.019156
5481.000000,5563.000000,492.000000,544.000000,0.812723,8.000000,24.000000,79.000000,0.009986,9.954819,2.979766,76.112120,66.165840,-0.048029,-0.046236,0.099866,-0.000000,-0.257667,0.247304,-0.305818,0.000000,-0.280160,0.551055,9589.610615,0.483533,14.928683,9854.260678,8754.247201,20.525163,4.829612,150.723197,431.231348,0.983894,0.901642,0.964364,1.086483,0.962914,30.688325,0.001087,0.000042,0.000453,0.000111,0.012004,0.395676,0.002277,0.681323,3.509867,0.006497,0.000005,0.021395
4785.000000,4845.000000,229.000000,272.000000,0.812723,8.000000,24.000000,79.000000,0.009986,9.954819,2.979766,76.112120,128.272460,-0.048029,-0.046236,0.099866,-0.000000,-0.257667,0.247304,-0.305818,0.000000,-0.280160,0.551055,9589.610615,0.483533,14.928683,9854.260678,8754.247201,20.525163,4.829612,150.723197,431.231348,0.983894,0.901642,0.964364,1.086483,0.962914,30.688325,0.001246,0.000048,0.000623,0.000128,0.014771,0.465342,0.002817,0.771682,4.057736,0.007473,0.000006,0.024537
4144.000000,4163.000000,230.000000,224.000000,0.812723,8.000000,24.000000,79.000000,0.009986,9.954819,2.979766,76.112120,248.373019,-0.048029,-0.046236,0.099866,-0.000000,-0.257667,0.247304,-0.305818,0.000000,-0.280160,0.551055,9589.610615,0.483533,14.928683,9854.260678,8754.247201,20.525163,4.829612,150.723197,431.231348,0.983894,0.901642,0.964364,1.086483,0.962914,30.688325,0.001445,0.000056,0.000843,0.000148,0.018066,0.553372,0.003519,0.885529,4.734558,0.008689,0.000008,0.028445
3628.000000,3685.000000,2217.000000,2240.000000,0.811035,8.000000,24.000000,75.000000,0.009992,9.951350,2.990271,75.529136,248.316815,-0.048210,-0.046381,0.100588,-0.000000,-0.255879,0.248145,-0.304176,0.000000,-0.281319,0.552569,9628.177792,0.481735,14.961568,9877.353885,8713.283537,20.691413,4.825967,150.933162,433.112638,0.986138,0.893128,0.964524,1.088783,0.967920,30.895761,0.001504,0.000059,0.000957,0.000177,0.020578,0.842969,0.000721,1.989170,2.287261,0.005861,0.000009,0.032840
4258.000000,4264.000000,2494.000000,2486.000000,0.811035,8.000000,24.000000,75.000000,0.009992,9.951350,2.990271,75.529136,480.130890,-0.048210,-0.046381,0.100588,-0.000000,-0.255879,0.248145,-0.304176,0.000000,-0.281319,0.552569,9628.177792,0.481735,14.961568,9877.353885,8713.283537,20.691413,4.825967,150.933162,433.112638,0.986138,0.893128,0.964524,1.088783,0.967920,30.895761,0.001291,0.000050,0.000939,0.000152,0.018329,0.742737,0.000709,1.696166,1.970953,0.005017,0.000008,0.028181
5192.000000,5277.000000,2208.000000,2222.000000,0.811035,8.000000,24.000000,75.000000,0.009992,9.951350,2.990271,75.529136,927.055131,-0.048210,-0.046381,0.100588,-0.000000,-0.255879,0.248145,-0.304176,0.000000,-0.281319,0.552569,9628.177792,0.481735,14.961568,9877.353885,8713.283537,20.691413,4.825967,150.933162,433.112638,0.986138,0.893128,0.964524,1.088783,0.967920,30.895761,0.001051,0.000041,0.000860,0.000124,0.015324,0.620652,0.000662,1.374225,1.609357,0.004078,0.000007,0.022940
8968.000000,9120.000000,2092.000000,2106.000000,0.804690,8.000000,24.000000,65.000000,0.009976,9.920315,3.044962,77.355398,9.019614,-0.047102,-0.046069,0.100362,-0.000000,-0.259286,0.253950,-0.306760,0.000000,-0.280063,0.543385,9678.406490,0.477825,15.438827,9910.560992,8562.649598,19.948336,4.808666,146.675560,448.242841,0.978021,0.898564,0.981412,1.081106,0.980731,30.253423,0.000719,0.000023,0.000111,0.000065,0.003667,0.611209,0.001003,0.387800,1.927613,0.003286,0.000000,0.013640
8721.000000,8837.000000,1806.000000,1862.000000,0.804690,8.000000,24.000000,65.000000,0.009976,9.920315,3.044962,77.355398,17.567744,-0.047102,-0.046069,0.100362,-0.000000,-0.259286,0.253950,-0.306760,0.000000,-0.280063,0.543385,9678.406490,0.477825,15.438827,9910.560992,8562.649598,19.948336,4.808666,146.675560,448.242841,0.978021,0.898564,0.981412,1.081106,0.980731,30.253423,0.000740,0.000024,0.000171,0.000070,0.004713,0.647550,0.001129,0.385755,2.037311,0.003406,0.000003,0.014052
8000.000000,8065.000000,1287.000000,1299.000000,0.804690,8.000000,24.000000,65.000000,0.009976,9.920315,3.044962,77.355398,34.173123,-0.047102,-0.046069,0.100362,-0.000000,-0.259286,0.253950,-0.306760,0.000000,-0.280063,0.543385,9678.406490,0.477825,15.438827,9910.560992,8562.649598,19.948336,4.808666,146.675560,448.242841,0.978021,0.898564,0.981412,1.081106,0.980731,30.253423,0.000809,0.000026,0.000249,0.000076,0.005926,0.728235,0.001350,0.410995,2.263590,0.003740,0.000003,0.015357
7455.000000,7485.000000,975.000000,1005.000000,0.804690,8.000000,24.000000,65.000000,0.009976,9.920315,3.044962,77.355398,66.384453,-0.047102,-0.046069,0.100362,-0.000000,-0.259286,0.253950,-0.306760,0.000000,-0.280063,0.543385,9678.406490,0.477825,15.438827,9910.560992,8562.649598,19.948336,4.808666,146.675560,448.242841,0.978021,0.898564,0.981412,1.081106,0.980731,30.253423,0.000870,0.000028,0.000335,0.000082,0.007025,0.805999,0.001589,0.433023,2.465223,0.004041,0.000004,0.016514
6566.000000,6561.000000,948.000000,896.000000,0.804690,8.000000,24.000000,65.000000,0.009976,9.920315,3.044962,77.355398,128.775165,-0.047102,-0.046069,0.100362,-0.000000,-0.259286,0.253950,-0.306760,0.000000,-0.280063,0.543385,9678.406490,0.477825,15.438827,9910.560992,8562.649598,19.948336,4.808666,146.675560,448.242841,0.978021,0.898564,0.981412,1.081106,0.980731,30.253423,0.000990,0.000032,0.000457,0.000093,0.008580,0.944212,0.001975,0.484860,2.833697,0.004621,0.000005,0.018795
6003.000000,5985.000000,1318.000000,1323.000000,0.804690,8.000000,24.000000,65.000000,0.009976,9.920315,3.044962,77.355398,249.431557,-0.047102,-0.046069,0.100362,-0.000000,-0.259286,0.253950,-0.306760,0.000000,-0.280063,0.543385,9678.406490,0.477825,15.438827,9910.560992,8562.649598,19.948336,4.808666,146.675560,448.242841,0.978021,0.898564,0.981412,1.081106,0.980731,30.253423,0.001084,0.000035,0.000584,0.000102,0.009889,1.063999,0.002359,0.524224,3.126639,0.005084,0.000005,0.020580
5840.000000,5994.000000,3013.000000,3011.000000,0.804690,8.000000,24.000000,65.000000,0.009976,9.920315,3.044962,77.355398,482.383219,-0.047102,-0.046069,0.100362,-0.000000,-0.259286,0.253950,-0.306760,0.000000,-0.280063,0.543385,9678.406490,0.477825,15.438827,9910.560992,8562.649598,19.948336,4.808666,146.675560,448.242841,0.978021,0.898564,0.981412,1.081106,0.980731,30.253423,0.001099,0.000035,0.000676,0.000154,0.011225,1.126579,0.002561,0.494992,0.599736,0.001759,0.000006,0.020848
6625.000000,6790.000000,3332.000000,3320.000000,0.804690,8.000000,24.000000,65.000000,0.009976,9.920315,3.044962,77.355398,931.366935,-0.047102,-0.046069,0.100362,-0.000000,-0.259286,0.253950,-0.306760,0.000000,-0.280063,0.543385,9678.406490,0.477825,15.438827,9910.560992,8562.649598,19.948336,4.808666,146.675560,448.242841,0.978021,0.898564,0.981412,1.081106,0.980731,30.253423,0.000969,0.000031,0.000671,0.000136,0.010110,1.021449,0.002454,0.433728,0.531261,0.001571,0.000005,0.018391
7428.000000,7596.000000,2964.000000,2968.000000,0.804690,8.000000,24.000000,65.000000,0.009976,9.920315,3.044962,77.355398,1795.154612,-0.047102,-0.046069,0.100362,-0.000000,-0.259286,0.253950,-0.306760,0.000000,-0.280063,0.543385,9678.406490,0.477825,15.438827,9910.560992,8562.649598,19.948336,4.808666,146.675560,448.242841,0.978021,0.898564,0.981412,1.081106,0.980731,30.253423,0.000865,0.000028,0.000666,0.000122,0.009110,0.936483,0.002372,0.386151,0.475375,0.001421,0.000005,0.016422
8174.000000,8437.000000,3015.000000,3029.000000,0.804690,8.000000,24.000000,65.000000,0.009976,9.920315,3.044962,77.355398,3453.807156,-0.047102,-0.046069,0.100362,-0.000000,-0.259286,0.253950,-0.306760,0.000000,-0.280063,0.543385,9678.406490,0.477825,15.438827,9910.560992,8562.649598,19.948336,4.808666,146.675560,448.242841,0.978021,0.898564,0.981412,1.081106,0.980731,30.253423,0.000783,0.000025,0.000662,0.000110,0.008221,0.868611,0.002314,0.349618,0.429981,0.001304,0.000005,0.014853
9050.000000,9120.000000,2688.000000,2669.000000,0.804690,8.000000,24.000000,65.000000,0.009976,9.920315,3.044962,77.355398,6632.394159,-0.047102,-0.046069,0.100362,-0.000000,-0.259286,0.253950,-0.306760,0.000000,-0.280063,0.543385,9678.406490,0.477825,15.438827,9910.560992,8562.649598,19.948336,4.808666,146.675560,448.242841,0.978021,0.898564,0.981412,1.081106,0.980731,30.253423,0.000715,0.000023,0.000660,0.000101,0.007408,0.813130,0.002273,0.321262,0.392261,0.001210,0.000004,0.013578
